IndicatorId,IndicatorName,IndicatorShortName,Source,SourceYear,Author,LocationId,Location,Iso2,Iso3,TimeId,Time,VariantId,Variant,SexId,Sex,AgeId,AgeStart,AgeEnd,Age,CategoryId,Category,EstimateTypeId,EstimateType,EstimateMethodId,EstimateMethod,Value
47,"Population by 1-year age groups and sex","Annual population by 1-year age groups and by sex","World Population Prospects",2024,"United Nations Population Division",404,"Kenya","KE","KEN",62,"2011",4,"Median",3,"Both sexes",42,0,1,"0",0,"Not applicable",1,"Model-based Estimates",2,"Interpolation",1453396
47,"Population by 1-year age groups and sex","Annual population by 1-year age groups and by sex","World Population Prospects",2024,"United Nations Population Division",404,"Kenya","KE","KEN",62,"2011",4,"Median",3,"Both sexes",89,1,1,"1",0,"Not applicable",1,"Model-based Estimates",2,"Interpolation",1438731.5
47,"Population by 1-year age groups and sex","Annual population by 1-year age groups and by sex","World Population Prospects",2024,"United Nations Population Division",404,"Kenya","KE","KEN",62,"2011",4,"Median",3,"Both sexes",117,2,2,"2",0,"Not applicable",1,"Model-based Estimates",2,"Interpolation",1417500
47,"Population by 1-year age groups and sex","Annual population by 1-year age groups and by sex","World Population Prospects",2024,"United Nations Population Division",404,"Kenya","KE","KEN",62,"2011",4,"Median",3,"Both sexes",126,3,3,"3",0,"Not applicable",1,"Model-based Estimates",2,"Interpolation",1388040.5
47,"Population by 1-year age groups and sex","Annual population by 1-year age groups and by sex","World Population Prospects",2024,"United Nations Population Division",404,"Kenya","KE","KEN",62,"2011",4,"Median",3,"Both sexes",135,4,4,"4",0,"Not applicable",1,"Model-based Estimates",2,"Interpolation",1350545
47,"Population by 1-year age groups and sex","Annual population by 1-year age groups and by sex","World Population Prospects",2024,"United Nations Population Division",404,"Kenya","KE","KEN",62,"2011",4,"Median",3,"Both sexes",90,5,5,"5",0,"Not applicable",1,"Model-based Estimates",2,"Interpolation",1311326.5
47,"Population by 1-year age groups and sex","Annual population by 1-year age groups and by sex","World Population Prospects",2024,"United Nations Population Division",404,"Kenya","KE","KEN",62,"2011",4,"Median",3,"Both sexes",152,6,6,"6",0,"Not applicable",1,"Model-based Estimates",2,"Interpolation",1274880
47,"Population by 1-year age groups and sex","Annual population by 1-year age groups and by sex","World Population Prospects",2024,"United Nations Population Division",404,"Kenya","KE","KEN",62,"2011",4,"Median",3,"Both sexes",161,7,7,"7",0,"Not applicable",1,"Model-based Estimates",2,"Interpolation",1239891.5
47,"Population by 1-year age groups and sex","Annual population by 1-year age groups and by sex","World Population Prospects",2024,"United Nations Population Division",404,"Kenya","KE","KEN",62,"2011",4,"Median",3,"Both sexes",170,8,8,"8",0,"Not applicable",1,"Model-based Estimates",2,"Interpolation",1207691.5
47,"Population by 1-year age groups and sex","Annual population by 1-year age groups and by sex","World Population Prospects",2024,"United Nations Population Division",404,"Kenya","KE","KEN",62,"2011",4,"Median",3,"Both sexes",179,9,9,"9",0,"Not applicable",1,"Model-based Estimates",2,"Interpolation",1174521
47,"Population by 1-year age groups and sex","Annual population by 1-year age groups and by sex","World Population Prospects",2024,"United Nations Population Division",404,"Kenya","KE","KEN",62,"2011",4,"Median",3,"Both sexes",91,10,10,"10",0,"Not applicable",1,"Model-based Estimates",2,"Interpolation",1135742.5
47,"Population by 1-year age groups and sex","Annual population by 1-year age groups and by sex","World Population Prospects",2024,"United Nations Population Division",404,"Kenya","KE","KEN",62,"2011",4,"Median",3,"Both sexes",109,11,11,"11",0,"Not applicable",1,"Model-based Estimates",2,"Interpolation",1096155.5
47,"Population by 1-year age groups and sex","Annual population by 1-year age groups and by sex","World Population Prospects",2024,"United Nations Population Division",404,"Kenya","KE","KEN",62,"2011",4,"Median",3,"Both sexes",110,12,12,"12",0,"Not applicable",1,"Model-based Estimates",2,"Interpolation",1061754
47,"Population by 1-year age groups and sex","Annual population by 1-year age groups and by sex","World Population Prospects",2024,"United Nations Population Division",404,"Kenya","KE","KEN",62,"2011",4,"Median",3,"Both sexes",111,13,13,"13",0,"Not applicable",1,"Model-based Estimates",2,"Interpolation",1027352.5
47,"Population by 1-year age groups and sex","Annual population by 1-year age groups and by sex","World Population Prospects",2024,"United Nations Population Division",404,"Kenya","KE","KEN",62,"2011",4,"Median",3,"Both sexes",112,14,14,"14",0,"Not applicable",1,"Model-based Estimates",2,"Interpolation",992693
47,"Population by 1-year age groups and sex","Annual population by 1-year age groups and by sex","World Population Prospects",2024,"United Nations Population Division",404,"Kenya","KE","KEN",62,"2011",4,"Median",3,"Both sexes",86,15,15,"15",0,"Not applicable",1,"Model-based Estimates",2,"Interpolation",963176
47,"Population by 1-year age groups and sex","Annual population by 1-year age groups and by sex","World Population Prospects",2024,"United Nations Population Division",404,"Kenya","KE","KEN",62,"2011",4,"Median",3,"Both sexes",113,16,16,"16",0,"Not applicable",1,"Model-based Estimates",2,"Interpolation",934443
47,"Population by 1-year age groups and sex","Annual population by 1-year age groups and by sex","World Population Prospects",2024,"United Nations Population Division",404,"Kenya","KE","KEN",62,"2011",4,"Median",3,"Both sexes",114,17,17,"17",0,"Not applicable",1,"Model-based Estimates",2,"Interpolation",910632
47,"Population by 1-year age groups and sex","Annual population by 1-year age groups and by sex","World Population Prospects",2024,"United Nations Population Division",404,"Kenya","KE","KEN",62,"2011",4,"Median",3,"Both sexes",115,18,18,"18",0,"Not applicable",1,"Model-based Estimates",2,"Interpolation",894417.5
47,"Population by 1-year age groups and sex","Annual population by 1-year age groups and by sex","World Population Prospects",2024,"United Nations Population Division",404,"Kenya","KE","KEN",62,"2011",4,"Median",3,"Both sexes",116,19,19,"19",0,"Not applicable",1,"Model-based Estimates",2,"Interpolation",882586
47,"Population by 1-year age groups and sex","Annual population by 1-year age groups and by sex","World Population Prospects",2024,"United Nations Population Division",404,"Kenya","KE","KEN",62,"2011",4,"Median",3,"Both sexes",92,20,20,"20",0,"Not applicable",1,"Model-based Estimates",2,"Interpolation",872360.5
47,"Population by 1-year age groups and sex","Annual population by 1-year age groups and by sex","World Population Prospects",2024,"United Nations Population Division",404,"Kenya","KE","KEN",62,"2011",4,"Median",3,"Both sexes",118,21,21,"21",0,"Not applicable",1,"Model-based Estimates",2,"Interpolation",860544
47,"Population by 1-year age groups and sex","Annual population by 1-year age groups and by sex","World Population Prospects",2024,"United Nations Population Division",404,"Kenya","KE","KEN",62,"2011",4,"Median",3,"Both sexes",119,22,22,"22",0,"Not applicable",1,"Model-based Estimates",2,"Interpolation",845637.5
47,"Population by 1-year age groups and sex","Annual population by 1-year age groups and by sex","World Population Prospects",2024,"United Nations Population Division",404,"Kenya","KE","KEN",62,"2011",4,"Median",3,"Both sexes",120,23,23,"23",0,"Not applicable",1,"Model-based Estimates",2,"Interpolation",827431
47,"Population by 1-year age groups and sex","Annual population by 1-year age groups and by sex","World Population Prospects",2024,"United Nations Population Division",404,"Kenya","KE","KEN",62,"2011",4,"Median",3,"Both sexes",121,24,24,"24",0,"Not applicable",1,"Model-based Estimates",2,"Interpolation",805590.5
47,"Population by 1-year age groups and sex","Annual population by 1-year age groups and by sex","World Population Prospects",2024,"United Nations Population Division",404,"Kenya","KE","KEN",62,"2011",4,"Median",3,"Both sexes",93,25,25,"25",0,"Not applicable",1,"Model-based Estimates",2,"Interpolation",779241
47,"Population by 1-year age groups and sex","Annual population by 1-year age groups and by sex","World Population Prospects",2024,"United Nations Population Division",404,"Kenya","KE","KEN",62,"2011",4,"Median",3,"Both sexes",122,26,26,"26",0,"Not applicable",1,"Model-based Estimates",2,"Interpolation",751906.5
47,"Population by 1-year age groups and sex","Annual population by 1-year age groups and by sex","World Population Prospects",2024,"United Nations Population Division",404,"Kenya","KE","KEN",62,"2011",4,"Median",3,"Both sexes",123,27,27,"27",0,"Not applicable",1,"Model-based Estimates",2,"Interpolation",723939.5
47,"Population by 1-year age groups and sex","Annual population by 1-year age groups and by sex","World Population Prospects",2024,"United Nations Population Division",404,"Kenya","KE","KEN",62,"2011",4,"Median",3,"Both sexes",124,28,28,"28",0,"Not applicable",1,"Model-based Estimates",2,"Interpolation",696609
47,"Population by 1-year age groups and sex","Annual population by 1-year age groups and by sex","World Population Prospects",2024,"United Nations Population Division",404,"Kenya","KE","KEN",62,"2011",4,"Median",3,"Both sexes",125,29,29,"29",0,"Not applicable",1,"Model-based Estimates",2,"Interpolation",670567.5
47,"Population by 1-year age groups and sex","Annual population by 1-year age groups and by sex","World Population Prospects",2024,"United Nations Population Division",404,"Kenya","KE","KEN",62,"2011",4,"Median",3,"Both sexes",94,30,30,"30",0,"Not applicable",1,"Model-based Estimates",2,"Interpolation",641955
47,"Population by 1-year age groups and sex","Annual population by 1-year age groups and by sex","World Population Prospects",2024,"United Nations Population Division",404,"Kenya","KE","KEN",62,"2011",4,"Median",3,"Both sexes",127,31,31,"31",0,"Not applicable",1,"Model-based Estimates",2,"Interpolation",613267
47,"Population by 1-year age groups and sex","Annual population by 1-year age groups and by sex","World Population Prospects",2024,"United Nations Population Division",404,"Kenya","KE","KEN",62,"2011",4,"Median",3,"Both sexes",128,32,32,"32",0,"Not applicable",1,"Model-based Estimates",2,"Interpolation",586760.5
47,"Population by 1-year age groups and sex","Annual population by 1-year age groups and by sex","World Population Prospects",2024,"United Nations Population Division",404,"Kenya","KE","KEN",62,"2011",4,"Median",3,"Both sexes",129,33,33,"33",0,"Not applicable",1,"Model-based Estimates",2,"Interpolation",560721.5
47,"Population by 1-year age groups and sex","Annual population by 1-year age groups and by sex","World Population Prospects",2024,"United Nations Population Division",404,"Kenya","KE","KEN",62,"2011",4,"Median",3,"Both sexes",130,34,34,"34",0,"Not applicable",1,"Model-based Estimates",2,"Interpolation",536367
47,"Population by 1-year age groups and sex","Annual population by 1-year age groups and by sex","World Population Prospects",2024,"United Nations Population Division",404,"Kenya","KE","KEN",62,"2011",4,"Median",3,"Both sexes",95,35,35,"35",0,"Not applicable",1,"Model-based Estimates",2,"Interpolation",512821
47,"Population by 1-year age groups and sex","Annual population by 1-year age groups and by sex","World Population Prospects",2024,"United Nations Population Division",404,"Kenya","KE","KEN",62,"2011",4,"Median",3,"Both sexes",131,36,36,"36",0,"Not applicable",1,"Model-based Estimates",2,"Interpolation",489885.5
47,"Population by 1-year age groups and sex","Annual population by 1-year age groups and by sex","World Population Prospects",2024,"United Nations Population Division",404,"Kenya","KE","KEN",62,"2011",4,"Median",3,"Both sexes",132,37,37,"37",0,"Not applicable",1,"Model-based Estimates",2,"Interpolation",469411.5
47,"Population by 1-year age groups and sex","Annual population by 1-year age groups and by sex","World Population Prospects",2024,"United Nations Population Division",404,"Kenya","KE","KEN",62,"2011",4,"Median",3,"Both sexes",133,38,38,"38",0,"Not applicable",1,"Model-based Estimates",2,"Interpolation",450997
47,"Population by 1-year age groups and sex","Annual population by 1-year age groups and by sex","World Population Prospects",2024,"United Nations Population Division",404,"Kenya","KE","KEN",62,"2011",4,"Median",3,"Both sexes",134,39,39,"39",0,"Not applicable",1,"Model-based Estimates",2,"Interpolation",433449.5
47,"Population by 1-year age groups and sex","Annual population by 1-year age groups and by sex","World Population Prospects",2024,"United Nations Population Division",404,"Kenya","KE","KEN",62,"2011",4,"Median",3,"Both sexes",96,40,40,"40",0,"Not applicable",1,"Model-based Estimates",2,"Interpolation",414696
47,"Population by 1-year age groups and sex","Annual population by 1-year age groups and by sex","World Population Prospects",2024,"United Nations Population Division",404,"Kenya","KE","KEN",62,"2011",4,"Median",3,"Both sexes",136,41,41,"41",0,"Not applicable",1,"Model-based Estimates",2,"Interpolation",395393.5
47,"Population by 1-year age groups and sex","Annual population by 1-year age groups and by sex","World Population Prospects",2024,"United Nations Population Division",404,"Kenya","KE","KEN",62,"2011",4,"Median",3,"Both sexes",137,42,42,"42",0,"Not applicable",1,"Model-based Estimates",2,"Interpolation",376943
47,"Population by 1-year age groups and sex","Annual population by 1-year age groups and by sex","World Population Prospects",2024,"United Nations Population Division",404,"Kenya","KE","KEN",62,"2011",4,"Median",3,"Both sexes",138,43,43,"43",0,"Not applicable",1,"Model-based Estimates",2,"Interpolation",359055
47,"Population by 1-year age groups and sex","Annual population by 1-year age groups and by sex","World Population Prospects",2024,"United Nations Population Division",404,"Kenya","KE","KEN",62,"2011",4,"Median",3,"Both sexes",139,44,44,"44",0,"Not applicable",1,"Model-based Estimates",2,"Interpolation",342092
47,"Population by 1-year age groups and sex","Annual population by 1-year age groups and by sex","World Population Prospects",2024,"United Nations Population Division",404,"Kenya","KE","KEN",62,"2011",4,"Median",3,"Both sexes",97,45,45,"45",0,"Not applicable",1,"Model-based Estimates",2,"Interpolation",324852
47,"Population by 1-year age groups and sex","Annual population by 1-year age groups and by sex","World Population Prospects",2024,"United Nations Population Division",404,"Kenya","KE","KEN",62,"2011",4,"Median",3,"Both sexes",140,46,46,"46",0,"Not applicable",1,"Model-based Estimates",2,"Interpolation",306975
47,"Population by 1-year age groups and sex","Annual population by 1-year age groups and by sex","World Population Prospects",2024,"United Nations Population Division",404,"Kenya","KE","KEN",62,"2011",4,"Median",3,"Both sexes",141,47,47,"47",0,"Not applicable",1,"Model-based Estimates",2,"Interpolation",289389.5
47,"Population by 1-year age groups and sex","Annual population by 1-year age groups and by sex","World Population Prospects",2024,"United Nations Population Division",404,"Kenya","KE","KEN",62,"2011",4,"Median",3,"Both sexes",142,48,48,"48",0,"Not applicable",1,"Model-based Estimates",2,"Interpolation",272174.5
47,"Population by 1-year age groups and sex","Annual population by 1-year age groups and by sex","World Population Prospects",2024,"United Nations Population Division",404,"Kenya","KE","KEN",62,"2011",4,"Median",3,"Both sexes",143,49,49,"49",0,"Not applicable",1,"Model-based Estimates",2,"Interpolation",255137
47,"Population by 1-year age groups and sex","Annual population by 1-year age groups and by sex","World Population Prospects",2024,"United Nations Population Division",404,"Kenya","KE","KEN",62,"2011",4,"Median",3,"Both sexes",98,50,50,"50",0,"Not applicable",1,"Model-based Estimates",2,"Interpolation",238054
47,"Population by 1-year age groups and sex","Annual population by 1-year age groups and by sex","World Population Prospects",2024,"United Nations Population Division",404,"Kenya","KE","KEN",62,"2011",4,"Median",3,"Both sexes",144,51,51,"51",0,"Not applicable",1,"Model-based Estimates",2,"Interpolation",222138
47,"Population by 1-year age groups and sex","Annual population by 1-year age groups and by sex","World Population Prospects",2024,"United Nations Population Division",404,"Kenya","KE","KEN",62,"2011",4,"Median",3,"Both sexes",145,52,52,"52",0,"Not applicable",1,"Model-based Estimates",2,"Interpolation",207524.5
47,"Population by 1-year age groups and sex","Annual population by 1-year age groups and by sex","World Population Prospects",2024,"United Nations Population Division",404,"Kenya","KE","KEN",62,"2011",4,"Median",3,"Both sexes",146,53,53,"53",0,"Not applicable",1,"Model-based Estimates",2,"Interpolation",192780
47,"Population by 1-year age groups and sex","Annual population by 1-year age groups and by sex","World Population Prospects",2024,"United Nations Population Division",404,"Kenya","KE","KEN",62,"2011",4,"Median",3,"Both sexes",147,54,54,"54",0,"Not applicable",1,"Model-based Estimates",2,"Interpolation",177759.5
47,"Population by 1-year age groups and sex","Annual population by 1-year age groups and by sex","World Population Prospects",2024,"United Nations Population Division",404,"Kenya","KE","KEN",62,"2011",4,"Median",3,"Both sexes",99,55,55,"55",0,"Not applicable",1,"Model-based Estimates",2,"Interpolation",162956.5
47,"Population by 1-year age groups and sex","Annual population by 1-year age groups and by sex","World Population Prospects",2024,"United Nations Population Division",404,"Kenya","KE","KEN",62,"2011",4,"Median",3,"Both sexes",148,56,56,"56",0,"Not applicable",1,"Model-based Estimates",2,"Interpolation",149294
47,"Population by 1-year age groups and sex","Annual population by 1-year age groups and by sex","World Population Prospects",2024,"United Nations Population Division",404,"Kenya","KE","KEN",62,"2011",4,"Median",3,"Both sexes",149,57,57,"57",0,"Not applicable",1,"Model-based Estimates",2,"Interpolation",136966.5
47,"Population by 1-year age groups and sex","Annual population by 1-year age groups and by sex","World Population Prospects",2024,"United Nations Population Division",404,"Kenya","KE","KEN",62,"2011",4,"Median",3,"Both sexes",150,58,58,"58",0,"Not applicable",1,"Model-based Estimates",2,"Interpolation",125337
47,"Population by 1-year age groups and sex","Annual population by 1-year age groups and by sex","World Population Prospects",2024,"United Nations Population Division",404,"Kenya","KE","KEN",62,"2011",4,"Median",3,"Both sexes",151,59,59,"59",0,"Not applicable",1,"Model-based Estimates",2,"Interpolation",114239
47,"Population by 1-year age groups and sex","Annual population by 1-year age groups and by sex","World Population Prospects",2024,"United Nations Population Division",404,"Kenya","KE","KEN",62,"2011",4,"Median",3,"Both sexes",87,60,60,"60",0,"Not applicable",1,"Model-based Estimates",2,"Interpolation",103869
47,"Population by 1-year age groups and sex","Annual population by 1-year age groups and by sex","World Population Prospects",2024,"United Nations Population Division",404,"Kenya","KE","KEN",62,"2011",4,"Median",3,"Both sexes",153,61,61,"61",0,"Not applicable",1,"Model-based Estimates",2,"Interpolation",105026
47,"Population by 1-year age groups and sex","Annual population by 1-year age groups and by sex","World Population Prospects",2024,"United Nations Population Division",404,"Kenya","KE","KEN",62,"2011",4,"Median",3,"Both sexes",154,62,62,"62",0,"Not applicable",1,"Model-based Estimates",2,"Interpolation",105628
47,"Population by 1-year age groups and sex","Annual population by 1-year age groups and by sex","World Population Prospects",2024,"United Nations Population Division",404,"Kenya","KE","KEN",62,"2011",4,"Median",3,"Both sexes",155,63,63,"63",0,"Not applicable",1,"Model-based Estimates",2,"Interpolation",95848.5
47,"Population by 1-year age groups and sex","Annual population by 1-year age groups and by sex","World Population Prospects",2024,"United Nations Population Division",404,"Kenya","KE","KEN",62,"2011",4,"Median",3,"Both sexes",156,64,64,"64",0,"Not applicable",1,"Model-based Estimates",2,"Interpolation",87968.5
47,"Population by 1-year age groups and sex","Annual population by 1-year age groups and by sex","World Population Prospects",2024,"United Nations Population Division",404,"Kenya","KE","KEN",62,"2011",4,"Median",3,"Both sexes",100,65,65,"65",0,"Not applicable",1,"Model-based Estimates",2,"Interpolation",81443.5
47,"Population by 1-year age groups and sex","Annual population by 1-year age groups and by sex","World Population Prospects",2024,"United Nations Population Division",404,"Kenya","KE","KEN",62,"2011",4,"Median",3,"Both sexes",157,66,66,"66",0,"Not applicable",1,"Model-based Estimates",2,"Interpolation",74662.5
47,"Population by 1-year age groups and sex","Annual population by 1-year age groups and by sex","World Population Prospects",2024,"United Nations Population Division",404,"Kenya","KE","KEN",62,"2011",4,"Median",3,"Both sexes",158,67,67,"67",0,"Not applicable",1,"Model-based Estimates",2,"Interpolation",68083.5
47,"Population by 1-year age groups and sex","Annual population by 1-year age groups and by sex","World Population Prospects",2024,"United Nations Population Division",404,"Kenya","KE","KEN",62,"2011",4,"Median",3,"Both sexes",159,68,68,"68",0,"Not applicable",1,"Model-based Estimates",2,"Interpolation",63186.5
47,"Population by 1-year age groups and sex","Annual population by 1-year age groups and by sex","World Population Prospects",2024,"United Nations Population Division",404,"Kenya","KE","KEN",62,"2011",4,"Median",3,"Both sexes",160,69,69,"69",0,"Not applicable",1,"Model-based Estimates",2,"Interpolation",59812.5
47,"Population by 1-year age groups and sex","Annual population by 1-year age groups and by sex","World Population Prospects",2024,"United Nations Population Division",404,"Kenya","KE","KEN",62,"2011",4,"Median",3,"Both sexes",101,70,70,"70",0,"Not applicable",1,"Model-based Estimates",2,"Interpolation",56522.5
47,"Population by 1-year age groups and sex","Annual population by 1-year age groups and by sex","World Population Prospects",2024,"United Nations Population Division",404,"Kenya","KE","KEN",62,"2011",4,"Median",3,"Both sexes",162,71,71,"71",0,"Not applicable",1,"Model-based Estimates",2,"Interpolation",52860.5
47,"Population by 1-year age groups and sex","Annual population by 1-year age groups and by sex","World Population Prospects",2024,"United Nations Population Division",404,"Kenya","KE","KEN",62,"2011",4,"Median",3,"Both sexes",163,72,72,"72",0,"Not applicable",1,"Model-based Estimates",2,"Interpolation",49295
47,"Population by 1-year age groups and sex","Annual population by 1-year age groups and by sex","World Population Prospects",2024,"United Nations Population Division",404,"Kenya","KE","KEN",62,"2011",4,"Median",3,"Both sexes",164,73,73,"73",0,"Not applicable",1,"Model-based Estimates",2,"Interpolation",46199.5
47,"Population by 1-year age groups and sex","Annual population by 1-year age groups and by sex","World Population Prospects",2024,"United Nations Population Division",404,"Kenya","KE","KEN",62,"2011",4,"Median",3,"Both sexes",165,74,74,"74",0,"Not applicable",1,"Model-based Estimates",2,"Interpolation",43516.5
47,"Population by 1-year age groups and sex","Annual population by 1-year age groups and by sex","World Population Prospects",2024,"United Nations Population Division",404,"Kenya","KE","KEN",62,"2011",4,"Median",3,"Both sexes",102,75,75,"75",0,"Not applicable",1,"Model-based Estimates",2,"Interpolation",40567
47,"Population by 1-year age groups and sex","Annual population by 1-year age groups and by sex","World Population Prospects",2024,"United Nations Population Division",404,"Kenya","KE","KEN",62,"2011",4,"Median",3,"Both sexes",166,76,76,"76",0,"Not applicable",1,"Model-based Estimates",2,"Interpolation",37251
47,"Population by 1-year age groups and sex","Annual population by 1-year age groups and by sex","World Population Prospects",2024,"United Nations Population Division",404,"Kenya","KE","KEN",62,"2011",4,"Median",3,"Both sexes",167,77,77,"77",0,"Not applicable",1,"Model-based Estimates",2,"Interpolation",33821
47,"Population by 1-year age groups and sex","Annual population by 1-year age groups and by sex","World Population Prospects",2024,"United Nations Population Division",404,"Kenya","KE","KEN",62,"2011",4,"Median",3,"Both sexes",168,78,78,"78",0,"Not applicable",1,"Model-based Estimates",2,"Interpolation",30362.5
47,"Population by 1-year age groups and sex","Annual population by 1-year age groups and by sex","World Population Prospects",2024,"United Nations Population Division",404,"Kenya","KE","KEN",62,"2011",4,"Median",3,"Both sexes",169,79,79,"79",0,"Not applicable",1,"Model-based Estimates",2,"Interpolation",27112.5
47,"Population by 1-year age groups and sex","Annual population by 1-year age groups and by sex","World Population Prospects",2024,"United Nations Population Division",404,"Kenya","KE","KEN",62,"2011",4,"Median",3,"Both sexes",88,80,80,"80",0,"Not applicable",1,"Model-based Estimates",2,"Interpolation",24114.5
47,"Population by 1-year age groups and sex","Annual population by 1-year age groups and by sex","World Population Prospects",2024,"United Nations Population Division",404,"Kenya","KE","KEN",62,"2011",4,"Median",3,"Both sexes",171,81,81,"81",0,"Not applicable",1,"Model-based Estimates",2,"Interpolation",21139
47,"Population by 1-year age groups and sex","Annual population by 1-year age groups and by sex","World Population Prospects",2024,"United Nations Population Division",404,"Kenya","KE","KEN",62,"2011",4,"Median",3,"Both sexes",172,82,82,"82",0,"Not applicable",1,"Model-based Estimates",2,"Interpolation",18165.5
47,"Population by 1-year age groups and sex","Annual population by 1-year age groups and by sex","World Population Prospects",2024,"United Nations Population Division",404,"Kenya","KE","KEN",62,"2011",4,"Median",3,"Both sexes",173,83,83,"83",0,"Not applicable",1,"Model-based Estimates",2,"Interpolation",15407
47,"Population by 1-year age groups and sex","Annual population by 1-year age groups and by sex","World Population Prospects",2024,"United Nations Population Division",404,"Kenya","KE","KEN",62,"2011",4,"Median",3,"Both sexes",174,84,84,"84",0,"Not applicable",1,"Model-based Estimates",2,"Interpolation",12982
47,"Population by 1-year age groups and sex","Annual population by 1-year age groups and by sex","World Population Prospects",2024,"United Nations Population Division",404,"Kenya","KE","KEN",62,"2011",4,"Median",3,"Both sexes",103,85,85,"85",0,"Not applicable",1,"Model-based Estimates",2,"Interpolation",10893.5
47,"Population by 1-year age groups and sex","Annual population by 1-year age groups and by sex","World Population Prospects",2024,"United Nations Population Division",404,"Kenya","KE","KEN",62,"2011",4,"Median",3,"Both sexes",175,86,86,"86",0,"Not applicable",1,"Model-based Estimates",2,"Interpolation",9094.5
47,"Population by 1-year age groups and sex","Annual population by 1-year age groups and by sex","World Population Prospects",2024,"United Nations Population Division",404,"Kenya","KE","KEN",62,"2011",4,"Median",3,"Both sexes",176,87,87,"87",0,"Not applicable",1,"Model-based Estimates",2,"Interpolation",7550.5
47,"Population by 1-year age groups and sex","Annual population by 1-year age groups and by sex","World Population Prospects",2024,"United Nations Population Division",404,"Kenya","KE","KEN",62,"2011",4,"Median",3,"Both sexes",177,88,88,"88",0,"Not applicable",1,"Model-based Estimates",2,"Interpolation",6197.5
47,"Population by 1-year age groups and sex","Annual population by 1-year age groups and by sex","World Population Prospects",2024,"United Nations Population Division",404,"Kenya","KE","KEN",62,"2011",4,"Median",3,"Both sexes",178,89,89,"89",0,"Not applicable",1,"Model-based Estimates",2,"Interpolation",4987.5
47,"Population by 1-year age groups and sex","Annual population by 1-year age groups and by sex","World Population Prospects",2024,"United Nations Population Division",404,"Kenya","KE","KEN",62,"2011",4,"Median",3,"Both sexes",104,90,90,"90",0,"Not applicable",1,"Model-based Estimates",2,"Interpolation",3951.5
47,"Population by 1-year age groups and sex","Annual population by 1-year age groups and by sex","World Population Prospects",2024,"United Nations Population Division",404,"Kenya","KE","KEN",62,"2011",4,"Median",3,"Both sexes",180,91,91,"91",0,"Not applicable",1,"Model-based Estimates",2,"Interpolation",3101
47,"Population by 1-year age groups and sex","Annual population by 1-year age groups and by sex","World Population Prospects",2024,"United Nations Population Division",404,"Kenya","KE","KEN",62,"2011",4,"Median",3,"Both sexes",181,92,92,"92",0,"Not applicable",1,"Model-based Estimates",2,"Interpolation",2411
47,"Population by 1-year age groups and sex","Annual population by 1-year age groups and by sex","World Population Prospects",2024,"United Nations Population Division",404,"Kenya","KE","KEN",62,"2011",4,"Median",3,"Both sexes",182,93,93,"93",0,"Not applicable",1,"Model-based Estimates",2,"Interpolation",1841
47,"Population by 1-year age groups and sex","Annual population by 1-year age groups and by sex","World Population Prospects",2024,"United Nations Population Division",404,"Kenya","KE","KEN",62,"2011",4,"Median",3,"Both sexes",183,94,94,"94",0,"Not applicable",1,"Model-based Estimates",2,"Interpolation",1373.5
47,"Population by 1-year age groups and sex","Annual population by 1-year age groups and by sex","World Population Prospects",2024,"United Nations Population Division",404,"Kenya","KE","KEN",62,"2011",4,"Median",3,"Both sexes",105,95,95,"95",0,"Not applicable",1,"Model-based Estimates",2,"Interpolation",1025.5
47,"Population by 1-year age groups and sex","Annual population by 1-year age groups and by sex","World Population Prospects",2024,"United Nations Population Division",404,"Kenya","KE","KEN",62,"2011",4,"Median",3,"Both sexes",184,96,96,"96",0,"Not applicable",1,"Model-based Estimates",2,"Interpolation",773
47,"Population by 1-year age groups and sex","Annual population by 1-year age groups and by sex","World Population Prospects",2024,"United Nations Population Division",404,"Kenya","KE","KEN",62,"2011",4,"Median",3,"Both sexes",185,97,97,"97",0,"Not applicable",1,"Model-based Estimates",2,"Interpolation",584.5
47,"Population by 1-year age groups and sex","Annual population by 1-year age groups and by sex","World Population Prospects",2024,"United Nations Population Division",404,"Kenya","KE","KEN",62,"2011",4,"Median",3,"Both sexes",186,98,98,"98",0,"Not applicable",1,"Model-based Estimates",2,"Interpolation",440
47,"Population by 1-year age groups and sex","Annual population by 1-year age groups and by sex","World Population Prospects",2024,"United Nations Population Division",404,"Kenya","KE","KEN",62,"2011",4,"Median",3,"Both sexes",187,99,99,"99",0,"Not applicable",1,"Model-based Estimates",2,"Interpolation",325
47,"Population by 1-year age groups and sex","Annual population by 1-year age groups and by sex","World Population Prospects",2024,"United Nations Population Division",404,"Kenya","KE","KEN",62,"2011",4,"Median",3,"Both sexes",59,100,null,"100+",0,"Not applicable",1,"Model-based Estimates",2,"Interpolation",372.5
